user_id,gender,birthday,state_code,last_login,create_date
1,2,1983-03-09,30,2014-03-11 09:11:38,2010-01-05 21:51:02
2,1,1984-01-01,24,2010-06-23 11:40:23,2010-01-14 20:55:48
3,1,1989-08-20,37,2015-08-17 01:20:42,2010-01-19 08:14:53
4,2,1981-02-14,31,2014-09-11 19:41:23,2010-01-22 11:22:08
5,2,1982-05-15,15,2013-01-28 11:26:13,2010-01-23 15:11:11
6,2,1973-10-29,37,2010-11-04 11:24:53,2010-01-25 19:44:46
7,1,1994-06-01,32,2014-07-02 18:41:17,2010-01-27 17:24:56
8,1,1996-07-09,47,2015-10-14 11:33:35,2010-01-29 16:13:12
9,1,1987-02-10,28,2010-06-18 13:10:21,2010-01-30 17:56:02
10,2,1997-11-14,02,2015-04-18 06:25:54,2010-01-31 21:48:07
11,2,1980-08-05,24,2012-09-26 17:12:04,2010-02-05 10:38:27
12,1,1983-03-29,32,2014-05-14 07:00:26,2010-02-06 05:39:19
13,1,1969-07-12,27,2014-12-21 01:31:06,2010-02-06 09:33:08
14,1,1989-05-31,12,2017-08-15 14:31:10,2010-02-09 21:09:08
15,2,1976-11-18,01,2011-04-17 03:53:56,2010-02-11 19:56:36
16,2,1978-12-10,38,2011-01-03 19:15:05,2010-02-14 00:28:40
17,1,1973-09-26,32,2012-09-04 10:42:16,2010-02-18 00:55:02
18,2,1979-09-30,02,2010-04-23 04:43:45,2010-02-19 19:37:50
19,1,1989-08-15,27,2016-12-25 05:05:05,2010-02-20 01:39:06
20,1,1973-08-30,40,2015-11-04 14:28:22,2010-02-22 02:21:47
21,2,1986-08-19,43,2014-10-10 05:53:03,2010-02-22 14:28:59
22,1,1987-12-31,05,2015-11-29 11:41:40,2010-02-23 19:23:49
23,1,1991-06-09,25,2013-06-01 07:03:07,2010-03-01 09:08:46
24,2,1997-01-16,20,2016-01-07 05:44:21,2010-03-09 02:47:37
25,1,1988-04-25,31,2017-12-16 19:21:58,2010-03-09 20:53:18
26,2,1994-11-06,45,2011-01-27 11:38:21,2010-03-14 13:49:23
27,2,1974-08-27,03,2013-10-19 08:07:00,2010-03-20 22:37:19
28,1,1979-05-09,33,2010-08-23 06:29:34,2010-03-25 01:20:16
29,2,1958-07-28,47,2012-01-01 15:07:49,2010-03-30 11:54:23
30,1,1970-02-01,04,2012-07-30 07:32:02,2010-04-02 03:42:59
31,2,1990-04-29,32,2017-08-20 07:14:55,2010-04-03 05:41:37
32,2,1992-06-24,31,2017-02-13 23:37:58,2010-04-04 22:56:09
33,2,1971-09-07,41,2014-08-14 17:54:38,2010-04-08 19:59:12
34,1,1986-02-14,23,2017-04-08 05:26:07,2010-04-10 14:14:33
35,1,1986-06-28,33,2012-07-01 13:32:38,2010-04-10 17:31:59
36,1,1995-01-19,34,2011-05-09 22:59:38,2010-04-12 17:41:15
37,2,1982-04-22,12,2011-12-17 15:55:02,2010-04-15 21:08:30
38,2,1975-11-23,15,2014-02-24 22:57:18,2010-04-17 11:03:00
39,1,1987-08-28,13,2015-06-21 12:14:00,2010-04-17 22:51:37
40,2,1979-04-29,23,2016-07-19 13:03:19,2010-04-21 05:32:21
41,2,1977-09-03,17,2012-11-06 18:35:18,2010-04-21 18:22:46
42,1,1986-04-03,01,2016-05-12 12:59:55,2010-04-22 16:12:49
43,1,1992-12-02,21,2011-07-07 07:10:35,2010-04-27 02:56:02
44,1,1973-02-08,15,2010-05-21 17:00:39,2010-04-28 07:01:19
45,1,1985-10-22,34,2010-10-02 12:42:59,2010-04-29 03:06:53
46,1,2001-05-14,44,2013-01-30 00:17:34,2010-04-29 17:50:41
47,1,1994-06-26,03,2015-01-06 18:11:09,2010-05-10 17:32:22
48,2,1967-02-14,46,2013-12-22 00:26:18,2010-05-10 23:42:23
49,2,1976-02-16,24,2012-02-26 00:30:28,2010-05-19 10:36:28
50,2,1995-01-04,18,2017-10-29 18:19:41,2010-05-19 15:19:02
51,1,1996-02-23,14,2016-02-02 04:21:38,2010-05-19 18:45:57
52,1,1987-04-11,22,2016-03-15 22:52:59,2010-05-20 12:28:30
53,1,2000-09-25,23,2012-03-13 21:31:48,2010-05-26 08:40:04
54,1,1981-02-09,35,2016-10-07 01:59:13,2010-06-01 15:46:41
55,2,1987-01-09,43,2015-04-11 00:38:11,2010-06-11 08:47:35
56,1,1981-04-30,41,2010-11-14 02:34:47,2010-06-15 19:52:15
57,2,1964-04-16,12,2017-09-03 02:45:20,2010-06-17 12:22:07
58,2,1987-09-30,02,2016-05-29 20:56:35,2010-06-20 00:23:59
59,1,1975-07-07,35,2013-07-15 00:58:15,2010-06-21 08:45:47
60,2,1988-01-10,39,2017-10-21 10:49:33,2010-06-21 09:54:50
61,2,1982-12-12,23,2013-02-08 09:40:34,2010-06-21 22:16:14
62,1,1984-05-24,38,2016-07-22 17:56:19,2010-06-25 20:03:09
63,2,1963-11-06,19,2016-01-15 14:18:52,2010-06-30 10:17:20
64,2,1977-12-01,29,2012-12-06 05:53:15,2010-07-01 18:20:13
65,2,1982-10-02,15,2013-08-29 17:06:01,2010-07-04 07:16:48
66,1,1984-06-10,26,2012-06-15 07:46:18,2010-07-08 20:06:11
67,2,1982-01-03,13,2015-01-28 20:45:59,2010-07-09 14:30:28
68,2,1992-10-23,23,2012-09-24 07:41:47,2010-07-14 02:25:18
69,2,1978-02-27,28,2016-07-11 06:11:43,2010-07-15 05:37:51
70,2,1977-03-28,33,2017-07-14 03:26:36,2010-07-16 20:48:57
71,1,1962-04-25,27,2015-03-05 18:52:36,2010-07-18 10:43:28
72,2,1980-01-25,40,2011-04-21 15:43:05,2010-07-19 19:54:45
73,2,1983-08-26,32,2015-10-06 22:00:37,2010-07-21 16:33:19
74,2,1979-04-19,30,2017-11-25 14:43:55,2010-07-22 02:08:15
75,1,1977-02-06,40,2012-03-11 01:25:32,2010-07-22 17:47:29
76,1,1992-03-23,08,2015-11-01 09:25:23,2010-07-23 02:24:18
77,2,1994-09-07,25,2011-10-04 15:03:23,2010-07-24 14:16:14
78,2,1974-08-30,08,2014-10-31 20:06:34,2010-08-01 08:16:11
79,1,1990-02-11,21,2015-06-28 08:55:56,2010-08-02 00:22:34
80,2,1989-05-03,43,2016-11-04 14:30:06,2010-08-03 22:24:21
81,2,1962-11-19,37,2010-09-26 03:13:07,2010-08-04 04:16:12
82,1,1977-05-28,12,2017-09-16 14:26:31,2010-08-05 10:25:18
83,1,2003-02-26,16,2010-08-31 10:05:02,2010-08-07 09:03:43
84,2,2001-12-14,21,2012-12-05 06:40:50,2010-08-09 10:38:21
85,1,1989-07-28,22,2012-05-20 23:32:45,2010-08-10 00:22:30
86,2,2000-08-23,04,2012-06-04 07:27:38,2010-08-10 11:33:37
87,1,1989-08-21,35,2015-04-06 04:41:11,2010-08-13 06:14:03
88,1,1980-05-20,01,2017-12-29 01:01:17,2010-08-15 09:32:25
89,1,1989-03-06,38,2011-02-18 02:15:26,2010-08-16 00:00:02
90,1,1986-02-23,07,2017-03-25 14:56:10,2010-08-18 08:21:59
91,2,1967-11-25,43,2011-10-25 12:25:09,2010-08-20 08:51:14
92,1,1987-09-02,23,2014-10-15 13:17:50,2010-08-24 06:21:39
93,1,1989-02-03,20,2017-08-29 13:23:42,2010-08-24 22:26:38
94,1,2002-02-06,40,2015-07-15 17:12:24,2010-08-28 22:29:12
95,2,1977-04-09,30,2015-12-26 18:39:17,2010-08-29 03:47:55
96,2,1987-04-01,31,2016-01-14 05:19:45,2010-08-31 13:39:45
97,2,1984-09-07,07,2012-12-09 22:37:05,2010-09-05 14:11:40
98,2,1977-09-16,27,2013-03-29 03:10:07,2010-09-18 02:50:57
99,2,1981-05-27,35,2011-10-17 01:12:22,2010-09-21 05:00:37
100,1,1975-12-23,36,2013-10-04 17:36:01,2010-09-25 07:55:53
101,1,1983-03-14,14,2013-03-03 19:47:34,2010-09-27 00:37:32
102,1,1994-10-29,20,2015-11-23 07:21:53,2010-09-29 01:47:38
103,2,1984-02-17,09,2014-01-05 08:00:31,2010-10-03 00:03:49
104,2,1994-05-06,16,2015-09-18 02:37:09,2010-10-07 07:53:16
105,2,1982-02-13,44,2016-06-08 00:54:09,2010-10-08 06:02:19
106,2,1996-10-01,30,2017-07-26 21:56:49,2010-10-09 02:59:44
107,2,1980-01-04,09,2016-11-22 11:57:13,2010-10-13 19:59:35
108,1,1987-03-30,28,2015-01-11 04:18:59,2010-10-17 16:27:38
109,1,1987-09-10,22,2017-01-14 20:01:50,2010-10-17 23:15:55
110,2,1992-08-18,18,2016-03-29 10:45:53,2010-10-18 16:41:34
111,1,1999-08-14,31,2013-08-18 12:47:38,2010-10-20 22:38:15
112,2,1979-09-08,20,2017-11-24 20:10:09,2010-10-21 14:27:28
113,1,1978-12-04,31,2010-12-31 17:31:48,2010-10-31 11:47:46
114,1,1980-03-30,40,2016-01-25 06:15:55,2010-11-02 14:47:48
115,1,1984-05-18,36,2014-11-09 12:14:39,2010-11-05 01:32:57
116,1,1997-03-17,44,2013-10-12 22:35:47,2010-11-06 16:29:42
117,1,2004-09-01,09,2015-03-08 03:09:59,2010-11-17 14:50:57
118,1,1992-04-14,06,2017-01-06 20:22:36,2010-11-18 04:44:07
119,2,2005-09-02,14,2014-01-16 04:30:15,2010-11-22 20:09:42
120,1,1975-07-03,02,2012-11-24 19:39:48,2010-11-23 03:06:40
121,1,1997-08-12,15,2012-09-24 06:49:28,2010-11-23 08:36:53
122,1,1972-10-25,30,2015-08-13 02:34:03,2010-11-23 13:54:18
123,1,1988-04-05,05,2013-07-30 08:27:48,2010-11-27 22:04:30
124,2,1961-12-24,05,2012-03-21 00:23:01,2010-12-01 08:08:38
125,1,1976-04-08,12,2015-03-06 12:24:27,2010-12-06 09:23:10
126,2,1991-11-21,10,2015-07-08 09:47:27,2010-12-11 07:03:33
127,2,1983-11-02,23,2016-01-20 04:57:47,2010-12-22 04:58:13
128,1,1992-07-22,04,2017-08-13 14:50:41,2010-12-22 22:13:58
129,2,1987-11-21,27,2017-07-05 10:11:14,2010-12-23 00:17:58
130,1,1986-12-23,23,2011-01-22 02:40:44,2010-12-23 04:42:21
131,1,1973-12-06,08,2013-10-26 00:29:14,2010-12-23 13:23:32
132,2,1980-01-16,08,2016-10-06 07:27:43,2010-12-29 07:54:23
133,2,1997-10-26,28,2015-10-25 07:35:44,2010-12-29 23:29:39
134,2,1997-08-12,18,2014-07-30 12:41:48,2010-12-30 20:52:43
135,1,1976-01-27,05,2012-07-12 04:51:17,2011-01-10 07:38:33
136,2,1989-01-05,30,2015-03-09 17:53:24,2011-01-13 19:35:29
137,2,1959-05-12,14,2017-03-22 17:59:39,2011-01-16 22:23:18
138,2,1985-03-12,36,2017-12-28 14:48:28,2011-01-21 20:16:11
139,1,1988-06-04,44,2015-08-02 16:06:56,2011-01-22 04:36:52
140,2,1995-03-26,07,2014-06-08 21:48:34,2011-01-22 15:48:27
141,2,1982-08-08,31,2014-03-11 13:25:04,2011-01-29 20:21:00
142,1,1974-04-21,37,2014-08-17 01:45:45,2011-02-04 02:27:13
143,2,1969-06-04,45,2012-12-30 07:03:58,2011-02-04 10:07:40
144,2,1985-02-03,09,2011-06-15 21:01:37,2011-02-06 07:28:14
145,1,1984-02-29,22,2014-04-11 21:09:17,2011-02-07 00:45:11
146,1,1998-02-28,17,2012-05-07 04:31:30,2011-02-07 17:57:24
147,2,1987-05-20,47,2014-11-13 13:47:19,2011-02-13 07:43:02
148,2,2003-06-24,13,2011-07-02 09:38:48,2011-02-23 01:16:04
149,1,1969-09-04,18,2013-04-11 15:59:15,2011-02-25 19:55:56
150,2,1973-03-13,45,2017-02-08 22:09:43,2011-03-01 08:59:06
151,2,2001-07-22,08,2012-12-17 02:54:29,2011-03-04 00:42:14
152,2,1988-12-03,29,2012-07-21 18:52:00,2011-03-06 09:48:33
153,2,1981-07-24,02,2011-09-01 05:56:39,2011-03-10 06:54:18
154,2,1996-02-14,12,2016-12-13 10:16:25,2011-03-10 17:55:04
155,2,1983-07-14,32,2013-05-22 06:36:03,2011-03-11 10:09:04
156,1,1999-12-04,17,2015-12-11 15:42:45,2011-03-13 12:00:09
157,1,1977-11-16,06,2017-02-13 23:52:37,2011-03-20 15:40:44
158,2,1985-04-26,20,2011-09-19 03:41:37,2011-03-21 22:58:18
159,2,2000-06-12,13,2014-04-13 01:57:33,2011-03-23 04:03:39
160,1,1985-09-20,15,2012-10-14 12:37:18,2011-03-25 12:46:47
161,1,1993-04-02,09,2016-05-10 02:08:32,2011-03-28 20:52:30
162,1,1997-05-17,30,2014-11-09 22:37:32,2011-03-30 03:30:39
163,2,1969-04-07,04,2014-07-14 20:38:06,2011-03-31 00:46:16
164,1,1982-02-01,15,2013-04-06 12:54:06,2011-04-07 07:46:36
165,1,1999-07-05,36,2015-04-12 17:06:30,2011-04-24 11:02:05
166,2,1990-11-25,25,2013-04-04 19:43:51,2011-04-27 02:19:35
167,1,1982-09-04,25,2014-05-20 15:27:35,2011-04-28 08:03:40
168,1,1979-11-06,31,2015-10-17 18:06:15,2011-05-01 19:37:48
169,1,1979-12-22,34,2013-09-14 22:09:39,2011-05-04 19:53:55
170,1,1984-02-08,14,2011-10-10 23:26:37,2011-05-06 22:32:26
171,1,1986-05-02,39,2015-06-27 18:53:16,2011-05-10 11:26:15
172,1,1980-11-14,10,2015-03-29 04:28:55,2011-05-16 23:31:47
173,1,1970-02-04,20,2014-05-02 18:39:37,2011-05-18 20:39:10
174,1,1986-04-03,47,2015-01-26 10:51:54,2011-05-19 08:05:54
175,2,1979-04-05,08,2017-09-04 01:25:16,2011-05-22 07:20:45
176,1,1976-08-17,05,2014-07-17 02:37:36,2011-05-22 15:21:50
177,2,1982-08-30,25,2012-05-30 14:29:13,2011-05-24 06:44:37
178,1,1997-04-20,02,2014-01-31 03:53:03,2011-05-24 13:37:09
179,2,1982-12-18,37,2011-09-29 17:25:57,2011-05-24 15:13:22
180,2,1994-06-15,24,2014-12-20 23:51:41,2011-05-26 21:43:42
181,1,1984-05-19,24,2016-01-30 10:36:39,2011-06-01 14:01:45
182,2,1982-08-05,05,2013-04-05 23:05:22,2011-06-02 19:22:08
183,1,1979-01-31,16,2016-08-15 23:20:33,2011-06-04 03:19:05
184,2,1990-09-01,43,2015-10-12 13:43:00,2011-06-07 18:43:46
185,2,1988-02-25,12,2016-05-31 13:36:39,2011-06-08 02:55:54
186,1,1979-07-07,35,2014-06-28 06:41:19,2011-06-11 09:13:06
187,2,2003-11-29,22,2015-07-07 03:09:21,2011-06-12 02:00:07
188,2,1980-12-09,02,2012-12-27 03:53:45,2011-06-13 19:48:22
189,1,1966-08-07,33,2015-02-20 17:35:03,2011-06-21 02:35:06
190,1,1984-12-03,02,2012-08-12 07:38:47,2011-06-22 03:02:26
191,2,1989-11-15,10,2014-04-12 22:29:39,2011-06-23 19:25:28
192,1,1990-12-28,31,2015-04-21 05:30:59,2011-07-12 12:36:46
193,1,1984-04-20,24,2012-09-03 01:06:38,2011-07-13 04:47:09
194,2,1985-06-16,05,2011-10-01 07:38:23,2011-07-14 08:19:43
195,1,1986-05-22,18,2014-04-26 14:40:17,2011-07-19 07:12:54
196,1,1996-02-06,12,2012-02-04 17:48:57,2011-07-22 05:29:50
197,1,1994-07-03,44,2013-03-15 08:23:15,2011-07-25 20:05:45
198,2,1976-12-08,41,2012-02-23 09:26:53,2011-07-27 21:13:05
199,2,1966-08-23,07,2017-03-17 08:23:42,2011-07-31 22:14:05
200,1,1989-02-08,27,2014-10-04 00:12:34,2011-08-02 19:01:29
201,2,1977-03-20,02,2015-02-18 11:25:02,2011-08-03 02:41:24
202,2,1984-07-30,19,2016-09-12 03:59:59,2011-08-03 10:13:03
203,2,1986-11-12,37,2017-10-25 19:41:02,2011-08-08 22:20:45
204,1,1996-03-28,40,2016-02-21 12:54:26,2011-08-09 04:48:50
205,2,1983-02-07,44,2017-05-09 08:31:14,2011-08-09 07:24:34
206,1,1975-02-09,13,2012-01-23 05:52:53,2011-08-09 19:38:33
207,1,1989-05-12,07,2015-01-13 08:55:41,2011-08-14 14:07:20
208,2,1992-01-22,27,2012-11-30 06:14:48,2011-08-15 10:20:57
209,2,1971-05-29,42,2016-01-19 22:38:24,2011-08-18 00:28:41
210,1,1976-12-22,43,2017-03-13 04:59:21,2011-08-18 01:44:43
211,2,1988-01-07,34,2013-09-02 17:43:59,2011-08-21 04:42:19
212,2,1985-03-05,13,2013-02-13 13:16:42,2011-09-01 20:46:10
213,1,1971-06-05,29,2015-04-18 17:32:43,2011-09-02 00:21:42
214,2,1990-11-18,13,2011-11-23 10:58:16,2011-09-13 01:23:52
215,2,1995-09-26,39,2014-02-28 00:38:43,2011-09-15 02:31:42
216,2,2002-02-18,28,2014-01-03 04:04:22,2011-09-15 05:09:29
217,2,1974-09-18,28,2015-03-23 06:51:34,2011-09-16 05:58:44
218,1,1981-06-07,14,2011-11-14 05:53:11,2011-09-16 13:53:13
219,1,1991-09-14,31,2017-11-23 05:48:00,2011-09-19 03:56:08
220,2,1972-08-13,13,2014-11-30 04:23:44,2011-09-22 04:57:27
221,1,1974-06-24,26,2014-02-07 00:30:38,2011-09-23 03:44:12
222,2,1973-04-23,35,2012-06-02 00:59:32,2011-09-23 15:24:46
223,1,1977-01-10,24,2013-01-12 21:32:23,2011-09-25 10:20:10
224,1,1987-12-11,19,2013-06-13 09:22:45,2011-09-27 13:48:49
225,1,1961-08-22,32,2014-04-25 01:39:45,2011-09-28 00:40:06
226,1,1984-01-28,38,2016-08-01 05:30:16,2011-10-02 15:12:31
227,2,1968-02-08,04,2014-09-18 02:50:51,2011-10-05 01:34:22
228,2,1995-03-31,11,2015-11-21 22:15:48,2011-10-05 04:16:53
229,2,1982-03-09,09,2016-07-13 20:08:43,2011-10-10 16:18:19
230,1,1979-07-06,02,2011-10-19 05:29:38,2011-10-18 06:01:09
231,1,1995-12-06,07,2017-02-13 15:52:30,2011-10-23 13:13:27
232,2,1993-11-21,15,2015-07-27 12:35:38,2011-10-26 22:18:02
233,1,1982-11-22,12,2011-12-28 01:53:17,2011-10-27 11:36:03
234,2,1988-10-08,46,2015-11-15 06:20:03,2011-11-06 16:04:33
235,1,1985-04-23,43,2016-01-14 23:17:06,2011-11-08 07:58:40
236,2,1987-07-24,10,2016-01-11 04:04:13,2011-11-09 15:43:23
237,1,1977-01-26,15,2015-08-29 23:41:00,2011-11-09 17:21:36
238,2,1987-03-28,02,2012-07-10 21:23:06,2011-11-13 04:07:31
239,2,1997-02-27,20,2012-10-26 06:43:52,2011-11-13 14:25:21
240,1,1973-07-05,06,2012-09-25 23:22:54,2011-11-13 15:42:03
241,2,1982-06-21,33,2016-12-17 18:24:35,2011-11-14 21:38:18
242,2,1986-06-06,03,2014-06-23 02:10:38,2011-11-17 07:04:30
243,1,1968-02-10,33,2012-08-14 05:09:19,2011-11-20 21:55:48
244,2,1994-02-04,14,2015-02-11 18:55:15,2011-11-23 12:17:41
245,1,1995-11-07,07,2017-05-09 23:22:24,2011-11-23 21:16:30
246,2,1985-07-27,42,2013-02-22 18:10:48,2011-11-25 18:01:23
247,2,1979-07-28,22,2017-03-19 15:16:41,2011-11-26 04:57:21
248,1,1986-11-12,25,2016-12-05 17:14:17,2011-12-02 07:57:08
249,2,1990-02-22,19,2013-12-06 09:23:20,2011-12-04 05:57:54
250,1,1977-01-04,04,2017-03-30 09:09:11,2011-12-08 06:02:47
251,2,1983-06-14,23,2014-03-06 11:54:59,2011-12-18 20:40:37
252,1,1992-04-10,32,2016-11-10 11:06:28,2011-12-21 08:22:16
253,2,1983-04-16,11,2013-09-21 06:47:32,2011-12-26 16:13:56
254,1,1991-07-02,47,2017-06-24 07:16:07,2011-12-27 02:11:31
255,1,1982-10-15,11,2017-05-15 05:56:28,2011-12-28 00:45:40
256,1,1993-12-25,20,2015-11-11 16:40:21,2012-01-04 19:22:25
257,1,1998-05-11,08,2014-04-12 08:59:34,2012-01-10 10:49:57
258,1,1987-03-16,34,2017-06-07 12:00:49,2012-01-14 10:59:24
259,1,1989-09-03,46,2013-09-14 00:34:26,2012-01-14 22:24:20
260,1,1975-08-18,22,2017-01-17 20:31:22,2012-01-15 07:02:22
261,2,1996-02-29,30,2015-09-28 21:25:56,2012-01-18 05:46:16
262,1,1982-07-14,23,2014-01-28 03:36:28,2012-01-20 19:54:30
263,1,1999-10-23,31,2015-12-01 21:45:08,2012-01-27 01:21:41
264,1,1979-02-22,37,2012-05-26 08:15:46,2012-01-28 20:45:56
265,1,1968-07-15,39,2014-09-05 18:54:07,2012-01-30 04:04:57
266,2,1982-02-22,08,2015-08-05 00:20:50,2012-02-03 05:26:28
267,2,1981-07-12,36,2013-05-24 03:24:03,2012-02-03 18:52:59
268,1,1998-10-13,28,2014-06-11 04:09:15,2012-02-07 04:10:04
269,1,1964-02-29,37,2013-05-19 17:46:16,2012-02-23 05:13:40
270,1,1987-06-21,23,2014-09-02 22:44:25,2012-02-25 16:56:22
271,1,1995-10-10,32,2013-06-23 01:23:51,2012-02-28 16:09:29
272,2,1983-07-19,24,2017-10-20 19:14:00,2012-03-02 18:07:28
273,2,1993-05-26,33,2014-03-22 19:28:11,2012-03-04 10:38:57
274,2,1995-10-16,07,2013-03-29 07:15:21,2012-03-14 18:54:44
275,2,1982-09-26,05,2016-01-04 19:17:07,2012-03-14 23:29:03
276,1,1992-03-17,31,2017-01-28 17:14:47,2012-03-16 01:13:28
277,2,1973-10-07,20,2015-03-02 22:45:21,2012-03-16 02:37:16
278,2,1977-05-26,28,2017-05-04 04:53:37,2012-03-20 23:27:50
279,1,1974-01-26,28,2016-10-03 07:04:52,2012-03-24 16:17:18
280,2,1998-07-26,11,2012-04-03 12:02:12,2012-03-26 09:05:01
281,2,1971-07-28,09,2016-08-23 19:11:04,2012-03-27 11:07:18
282,2,1984-11-06,26,2014-12-13 03:40:23,2012-03-31 23:57:42
283,1,1995-08-12,39,2016-01-26 16:01:14,2012-04-01 19:44:27
284,2,1965-01-19,01,2015-11-09 21:26:47,2012-04-04 00:50:40
285,2,1978-05-27,08,2015-08-24 15:43:21,2012-04-05 06:07:53
286,1,1967-12-08,32,2013-08-11 14:56:03,2012-04-12 06:02:10
287,2,1977-06-26,46,2013-05-01 09:34:16,2012-04-15 07:03:39
288,2,1978-12-20,39,2013-11-15 20:33:51,2012-04-18 00:08:54
289,1,1963-03-08,38,2014-02-09 04:48:23,2012-04-19 03:27:33
290,2,1980-02-25,41,2015-11-22 00:14:20,2012-04-19 06:44:22
291,1,2003-12-23,17,2015-08-06 06:11:12,2012-04-20 07:19:16
292,2,1975-09-26,25,2014-10-30 04:05:22,2012-04-25 09:06:40
293,2,1985-01-02,12,2014-03-25 07:26:28,2012-04-28 10:07:40
294,2,1978-09-17,27,2014-01-22 12:55:13,2012-04-28 19:22:39
295,2,1986-07-15,18,2017-12-07 23:10:33,2012-05-03 21:45:32
296,2,1981-10-05,27,2013-08-30 21:54:48,2012-05-07 10:40:12
297,2,1999-06-17,19,2016-06-01 16:22:53,2012-05-09 01:43:52
298,1,1965-04-13,35,2017-02-20 11:08:23,2012-05-10 14:32:21
299,2,1979-06-14,45,2013-05-27 04:01:42,2012-05-12 14:46:56
300,1,1976-05-27,26,2014-01-22 09:56:07,2012-05-13 20:17:14
301,2,1996-01-07,19,2015-03-06 05:30:46,2012-05-15 02:03:44
302,2,1990-06-24,21,2017-05-07 16:04:13,2012-05-17 08:43:05
303,1,1988-04-17,45,2015-02-07 08:14:57,2012-05-18 19:34:24
304,1,1990-03-20,26,2015-10-30 11:45:25,2012-05-22 21:09:12
305,2,1997-01-22,25,2012-06-03 04:35:03,2012-05-25 07:27:24
306,2,1996-05-10,36,2016-02-07 00:48:10,2012-05-26 11:26:40
307,1,1987-01-10,45,2015-11-20 13:56:26,2012-05-30 21:14:49
308,2,1973-02-05,20,2016-12-12 20:30:57,2012-05-31 10:02:56
309,1,1987-09-22,16,2016-01-07 05:35:25,2012-06-01 21:39:37
310,1,1993-07-30,33,2016-06-29 22:46:39,2012-06-02 14:51:40
311,1,1993-07-07,11,2012-06-19 01:32:45,2012-06-05 01:17:23
312,1,1974-11-09,46,2016-11-24 14:47:38,2012-06-05 19:34:53
313,1,1976-05-20,23,2017-07-20 04:19:57,2012-06-06 14:58:00
314,2,1976-06-02,24,2015-09-29 16:55:44,2012-06-09 23:29:57
315,2,2007-05-13,45,2016-10-18 14:29:27,2012-06-10 17:57:18
316,1,1976-01-19,15,2012-08-15 19:06:42,2012-06-11 03:20:34
317,1,1981-11-22,37,2014-09-21 11:49:45,2012-06-11 10:48:25
318,2,1981-01-17,34,2012-12-25 03:29:24,2012-06-14 17:09:51
319,2,1984-01-18,09,2013-06-30 06:31:04,2012-06-19 01:41:45
320,1,1989-11-29,02,2012-08-29 19:31:10,2012-06-19 04:12:48
321,1,2000-04-01,21,2016-04-21 00:52:38,2012-06-20 05:04:35
322,2,1999-05-13,44,2014-09-24 11:58:59,2012-06-21 02:22:39
323,2,1973-04-30,05,2013-05-29 14:29:25,2012-06-21 05:44:02
324,1,1985-09-10,13,2012-11-26 22:59:48,2012-06-26 21:33:15
325,2,1963-06-30,06,2016-11-28 22:25:45,2012-07-03 01:37:21
326,2,1992-07-23,11,2013-12-02 17:28:59,2012-07-03 12:55:03
327,1,1988-05-02,03,2015-03-31 06:24:33,2012-07-06 13:59:06
328,1,1994-03-19,44,2016-07-27 14:57:46,2012-07-12 14:23:37
329,2,1979-06-05,43,2013-08-29 17:28:47,2012-07-13 01:01:11
330,2,1996-03-04,10,2015-05-16 04:58:04,2012-07-17 00:54:25
331,2,1968-10-14,02,2015-04-17 17:22:19,2012-07-22 05:39:44
332,2,1973-09-15,46,2016-05-20 23:57:10,2012-07-24 14:01:23
333,1,1980-07-24,35,2017-09-09 09:45:47,2012-07-26 07:51:24
334,1,1992-10-30,22,2017-02-28 13:06:37,2012-07-27 04:19:05
335,2,1974-10-21,47,2014-01-30 21:22:01,2012-08-04 02:09:06
336,1,1981-08-29,12,2017-11-30 09:31:57,2012-08-09 22:02:29
337,2,1970-01-09,01,2014-03-05 08:10:08,2012-08-10 10:53:45
338,1,1971-05-14,37,2015-10-24 12:45:43,2012-08-13 15:32:10
339,1,1989-04-07,41,2017-01-08 16:06:45,2012-08-15 18:33:05
340,2,1999-10-27,34,2017-08-25 21:57:53,2012-08-21 17:09:03
341,1,1985-02-04,47,2017-10-30 16:28:00,2012-08-22 08:52:45
342,1,1985-05-12,21,2016-07-19 15:31:12,2012-08-22 16:56:43
343,1,1999-10-29,03,2014-03-27 22:29:46,2012-08-22 18:53:45
344,1,1986-05-19,13,2013-06-06 20:24:53,2012-08-23 00:01:16
345,1,1962-04-26,08,2015-01-15 03:35:48,2012-08-23 11:46:07
346,2,1981-05-16,14,2014-05-31 08:37:26,2012-08-27 21:42:47
347,1,1997-07-06,38,2013-11-07 19:45:21,2012-08-29 22:04:47
348,2,1996-04-17,17,2016-01-09 11:24:03,2012-09-04 10:00:24
349,2,1979-10-17,46,2014-08-13 01:35:23,2012-09-10 10:19:49
350,2,1981-09-15,17,2015-09-04 20:36:29,2012-09-15 17:45:17
351,1,1984-08-06,12,2017-06-19 10:30:29,2012-09-16 11:11:34
352,2,1986-01-15,44,2014-09-17 23:44:48,2012-09-16 13:44:04
353,2,1984-05-30,04,2015-05-01 18:54:14,2012-09-17 17:25:31
354,2,1973-10-31,05,2015-04-27 21:19:26,2012-09-20 14:52:05
355,2,1974-07-31,08,2014-10-20 19:38:31,2012-09-26 14:07:36
356,2,1987-01-07,06,2013-02-08 22:03:28,2012-09-29 11:50:28
357,2,1984-07-16,29,2015-03-20 12:37:14,2012-09-29 21:46:24
358,1,1972-02-23,23,2017-06-07 22:25:55,2012-10-11 01:53:00
359,1,1988-02-14,42,2015-07-27 19:15:59,2012-10-12 07:51:02
360,2,1976-05-19,09,2017-08-01 08:48:52,2012-10-16 03:54:30
361,1,1981-08-07,19,2016-11-08 06:47:36,2012-10-22 00:55:39
362,2,1983-10-20,32,2013-10-02 12:42:11,2012-10-31 07:28:40
363,1,1989-10-08,38,2015-06-13 20:41:32,2012-10-31 18:35:45
364,2,2002-12-10,24,2015-01-22 02:21:13,2012-11-10 07:57:49
365,1,1995-07-13,07,2013-10-11 19:46:17,2012-11-13 07:34:53
366,1,1982-10-28,41,2017-11-22 20:53:57,2012-11-13 18:33:46
367,1,1968-08-25,44,2017-02-04 21:49:13,2012-11-16 01:53:48
368,2,1989-06-12,07,2013-01-26 15:50:02,2012-11-23 15:03:18
369,1,1971-04-27,28,2014-03-06 08:56:41,2012-11-24 16:11:22
370,2,1987-03-15,42,2016-05-02 02:28:52,2012-12-02 14:47:04
371,2,1983-11-24,04,2015-06-20 08:11:50,2012-12-10 01:10:48
372,1,1975-09-20,24,2015-12-03 12:50:52,2012-12-12 13:29:15
373,2,2001-04-05,32,2014-10-06 05:41:27,2012-12-15 07:18:20
374,1,1999-07-09,46,2013-01-05 09:23:28,2012-12-15 13:32:01
375,2,1979-03-03,33,2014-09-16 09:40:00,2012-12-17 04:09:30
376,2,1978-12-29,09,2015-03-22 14:33:08,2012-12-22 04:06:54
377,2,1997-04-23,22,2013-03-04 06:41:42,2012-12-27 05:59:10
378,2,1959-04-18,25,2015-03-26 12:04:44,2012-12-28 08:41:33
379,1,1997-12-31,39,2016-10-18 23:18:18,2012-12-28 08:57:56
380,1,2001-06-21,14,2014-09-27 09:07:00,2012-12-29 16:34:49
381,2,1983-11-04,27,2015-01-15 21:13:49,2013-01-02 03:58:32
382,2,1979-03-04,22,2013-09-10 09:06:13,2013-01-02 18:08:01
383,2,1988-05-20,18,2014-03-04 13:23:28,2013-01-03 18:40:27
384,1,1985-12-18,29,2017-09-13 15:52:08,2013-01-10 08:19:08
385,1,1991-02-25,11,2013-07-22 22:37:13,2013-01-14 05:08:53
386,2,1988-07-21,36,2014-10-09 22:00:34,2013-01-15 08:11:36
387,1,1979-10-14,09,2016-04-15 12:27:31,2013-01-17 00:35:39
388,1,1990-08-19,27,2016-06-02 19:33:48,2013-01-17 14:59:06
389,1,1965-05-31,18,2014-10-02 02:01:58,2013-01-20 18:09:21
390,1,1989-05-14,31,2013-03-28 06:59:42,2013-01-22 18:10:57
391,2,1977-11-08,11,2015-04-12 14:11:53,2013-01-25 12:21:46
392,1,1982-09-20,29,2017-03-06 02:29:46,2013-01-25 16:21:39
393,2,1984-05-20,45,2017-04-09 07:19:28,2013-01-28 13:30:19
394,2,1991-07-15,28,2016-03-09 20:04:26,2013-01-28 15:31:57
395,1,1995-03-01,05,2013-07-12 10:35:41,2013-01-29 05:16:18
396,2,1975-07-25,13,2014-08-30 19:04:30,2013-01-29 16:44:40
397,1,1996-03-24,27,2016-10-28 07:01:34,2013-01-30 08:37:58
398,2,1980-04-01,47,2014-05-07 02:26:44,2013-01-30 22:10:04
399,1,1992-09-03,43,2017-12-11 23:01:12,2013-02-01 18:04:14
400,1,1995-09-18,05,2016-11-17 01:22:32,2013-02-03 19:33:09
401,2,1995-08-07,34,2015-08-05 00:47:23,2013-02-05 01:06:28
402,2,2001-11-18,38,2013-11-17 04:51:06,2013-02-05 07:24:44
403,1,1986-01-18,36,2015-08-19 03:19:40,2013-02-09 18:07:05
404,1,1999-01-08,18,2014-03-16 20:44:17,2013-02-15 00:02:09
405,1,1977-02-21,46,2013-06-18 23:15:31,2013-02-18 12:33:12
406,1,1986-08-25,30,2016-08-10 20:33:11,2013-02-21 21:34:16
407,2,1996-04-20,27,2014-09-14 07:40:05,2013-02-23 09:45:40
408,1,1990-04-15,37,2013-09-06 01:12:33,2013-02-26 13:30:08
409,2,1966-09-27,12,2014-04-11 16:11:48,2013-02-27 04:52:56
410,1,1981-12-11,10,2016-06-04 04:47:17,2013-03-06 10:26:53
411,2,1974-08-21,19,2016-04-19 18:07:49,2013-03-08 04:29:48
412,2,1991-02-03,41,2013-11-19 22:19:14,2013-03-08 07:20:32
413,1,1992-07-19,21,2014-11-17 14:48:44,2013-03-13 21:50:51
414,1,1980-03-08,24,2014-03-19 18:06:08,2013-03-16 00:57:41
415,2,1982-09-13,35,2017-06-05 02:54:15,2013-03-20 04:12:08
416,1,1985-09-27,42,2015-12-22 17:17:29,2013-03-21 03:07:22
417,2,1987-01-15,03,2014-03-20 17:37:44,2013-03-27 22:36:20
418,2,1974-04-28,07,2015-08-19 20:58:49,2013-03-28 01:35:46
419,2,1988-10-23,44,2015-05-11 22:21:25,2013-03-31 18:09:09
420,1,1977-01-26,27,2013-06-02 17:36:18,2013-04-01 10:10:28
421,2,2004-07-18,11,2016-02-01 16:10:43,2013-04-03 13:32:06
422,2,1990-07-25,47,2014-03-06 01:58:52,2013-04-05 21:07:00
423,1,1985-04-18,35,2014-03-23 04:55:52,2013-04-06 19:38:32
424,1,1982-05-05,28,2016-11-17 06:11:57,2013-04-09 23:32:25
425,2,1997-11-05,44,2015-05-07 10:11:15,2013-04-13 09:39:20
426,1,1977-08-28,30,2016-12-29 19:12:36,2013-04-18 12:43:57
427,1,1985-10-17,02,2014-06-17 23:43:52,2013-04-19 02:24:29
428,2,1978-07-26,19,2017-11-25 22:10:05,2013-04-21 14:41:47
429,2,1980-02-03,44,2016-05-24 14:11:10,2013-04-24 11:10:15
430,1,1991-09-26,04,2014-01-07 02:19:30,2013-04-27 05:26:34
431,2,1981-07-12,40,2017-05-01 03:05:58,2013-04-29 11:02:02
432,1,1984-06-14,14,2017-10-24 23:44:38,2013-05-06 15:05:44
433,1,1996-10-10,35,2015-09-21 15:08:00,2013-05-13 19:35:42
434,2,1982-11-03,12,2013-11-06 01:59:15,2013-05-15 07:01:18
435,2,1971-11-09,31,2016-03-23 01:10:59,2013-05-17 00:50:16
436,1,1997-10-15,09,2017-07-15 13:37:51,2013-05-19 08:35:52
437,1,1994-04-02,33,2015-05-09 05:09:44,2013-05-21 15:22:18
438,1,1991-03-03,42,2016-06-25 04:36:46,2013-05-23 09:26:24
439,1,1983-01-21,02,2015-08-07 00:15:58,2013-05-23 21:17:41
440,2,1980-06-10,47,2016-08-12 11:29:40,2013-05-27 22:41:14
441,2,1989-10-03,40,2013-06-08 20:03:00,2013-06-03 16:08:42
442,1,1996-10-12,04,2016-09-11 01:46:16,2013-06-04 18:34:57
443,2,1987-03-14,20,2015-11-30 03:16:40,2013-06-09 01:21:29
444,1,1976-01-19,41,2014-02-05 09:44:58,2013-06-18 08:57:37
445,1,2004-08-21,40,2017-02-18 18:15:28,2013-06-26 16:25:21
446,2,1983-07-10,27,2014-07-25 07:49:53,2013-06-28 20:33:10
447,1,1986-06-14,16,2014-01-21 04:56:25,2013-07-01 06:41:08
448,1,1992-06-06,01,2015-06-19 07:21:47,2013-07-03 02:12:00
449,2,1988-04-28,26,2013-07-15 16:17:27,2013-07-03 20:34:17
450,1,1958-10-08,27,2017-12-09 10:25:32,2013-07-04 19:26:29
451,2,1980-03-11,36,2016-02-21 17:37:28,2013-07-05 09:36:21
452,2,1995-04-09,06,2015-11-24 09:49:33,2013-07-05 23:13:34
453,2,1992-11-21,21,2017-06-16 14:24:24,2013-07-07 12:10:47
454,1,1974-01-02,25,2016-07-15 20:06:46,2013-07-08 13:59:19
455,1,1994-02-18,46,2015-12-26 01:57:01,2013-07-22 10:55:41
456,1,1978-02-16,01,2017-07-30 17:26:40,2013-07-25 14:46:57
457,2,1985-04-27,04,2017-02-20 16:00:23,2013-07-29 17:04:43
458,2,1969-10-13,45,2013-09-22 05:40:10,2013-07-30 04:33:38
459,1,1994-10-04,35,2014-06-30 11:52:05,2013-08-01 11:19:17
460,1,1975-05-29,14,2016-04-25 23:20:32,2013-08-03 13:00:13
461,1,1980-04-18,16,2017-07-29 09:52:04,2013-08-07 19:52:02
462,2,1993-05-31,22,2016-05-19 22:40:14,2013-08-10 18:36:34
463,2,1977-03-26,26,2016-07-16 12:21:51,2013-08-11 18:04:21
464,2,1974-03-02,45,2017-10-07 04:22:58,2013-08-11 21:56:14
465,2,1981-07-29,41,2015-08-27 22:36:50,2013-08-15 10:31:46
466,2,1983-04-20,41,2014-02-06 02:33:18,2013-08-18 14:35:13
467,2,1982-05-27,02,2014-07-14 06:37:59,2013-08-18 17:03:44
468,1,1983-08-07,40,2015-07-23 09:44:01,2013-08-19 23:34:18
469,2,1996-03-02,38,2017-03-06 16:19:10,2013-08-21 23:48:04
470,1,1995-06-21,15,2016-11-18 10:16:20,2013-08-24 18:14:52
471,1,1977-08-04,10,2016-03-24 14:26:42,2013-08-25 17:43:04
472,1,1968-10-11,15,2016-01-05 20:18:04,2013-08-27 06:39:46
473,1,1978-09-22,07,2015-06-27 17:14:54,2013-08-28 03:24:08
474,2,1983-04-05,47,2014-09-22 00:40:46,2013-08-29 16:20:44
475,1,1984-04-15,25,2015-11-13 08:25:06,2013-08-31 12:14:43
476,2,1971-04-11,43,2014-07-05 02:10:17,2013-09-01 04:09:40
477,1,1995-11-22,29,2014-03-28 15:12:43,2013-09-02 05:13:36
478,1,2000-05-09,16,2015-06-09 14:23:43,2013-09-04 16:20:54
479,1,1968-03-09,09,2014-11-02 15:54:00,2013-09-08 14:45:12
480,2,1976-12-16,33,2014-03-05 22:45:11,2013-09-16 20:34:33
481,1,1966-12-06,20,2016-12-29 07:21:19,2013-09-17 18:41:50
482,1,1992-12-13,17,2015-05-05 09:52:20,2013-09-18 00:22:47
483,2,1994-01-01,22,2017-07-15 18:54:42,2013-09-21 17:45:57
484,2,1972-09-07,23,2017-05-31 07:10:39,2013-09-22 23:06:08
485,2,1986-11-09,10,2017-08-15 10:57:27,2013-09-23 09:24:19
486,2,1984-04-15,39,2016-10-26 00:02:54,2013-09-24 09:17:18
487,2,1979-05-03,25,2016-06-02 00:53:49,2013-10-02 08:15:40
488,1,1979-02-23,25,2014-03-09 21:55:16,2013-10-04 08:03:39
489,1,1982-05-14,08,2014-04-27 17:16:26,2013-10-06 06:53:01
490,2,1964-06-10,42,2014-01-11 12:38:20,2013-10-07 14:02:44
491,1,1992-10-28,03,2017-11-01 02:58:57,2013-10-09 09:18:49
492,1,1977-10-26,30,2014-08-16 04:39:23,2013-10-10 00:36:42
493,2,1988-08-04,42,2015-06-02 12:19:27,2013-10-12 03:14:43
494,2,1993-11-29,13,2017-06-05 19:07:20,2013-10-12 13:23:58
495,1,1973-11-10,06,2015-01-09 07:27:58,2013-10-14 09:00:40
496,1,1996-10-10,17,2016-08-14 16:42:19,2013-10-21 11:04:19
497,1,1982-02-12,19,2016-10-30 14:10:30,2013-10-22 16:07:52
498,1,1978-08-16,08,2016-11-19 01:54:29,2013-10-25 01:36:35
499,2,1989-05-11,42,2016-09-04 18:01:50,2013-10-26 18:46:17
500,1,1977-01-11,20,2015-07-14 15:39:31,2013-11-02 21:10:36
501,1,1974-01-08,29,2017-12-22 18:28:28,2013-11-08 02:14:40
502,2,1977-10-10,42,2016-06-13 17:47:21,2013-11-10 16:30:25
503,2,1989-03-14,47,2017-02-12 18:49:24,2013-11-12 02:43:59
504,1,1969-05-16,19,2017-11-29 09:47:07,2013-11-29 17:52:56
505,2,1979-10-15,38,2015-12-04 07:42:28,2013-11-30 12:33:38
506,2,1986-06-15,07,2016-01-06 16:44:54,2013-12-05 16:12:42
507,2,1985-04-10,40,2017-04-21 14:57:27,2013-12-05 20:38:59
508,1,1992-05-10,18,2015-08-10 05:23:07,2013-12-06 15:23:08
509,2,2000-04-16,20,2014-08-16 13:42:19,2013-12-07 12:18:28
510,1,1993-11-05,21,2015-02-08 10:41:35,2013-12-08 08:47:01
511,2,1991-06-19,09,2016-03-04 06:29:09,2013-12-13 19:15:33
512,2,2007-05-18,39,2015-11-20 09:56:50,2013-12-24 17:58:25
513,1,1975-08-02,07,2014-10-13 07:42:30,2014-01-04 09:21:13
514,2,1997-07-28,43,2016-12-06 10:15:46,2014-01-04 15:10:37
515,1,1981-02-25,26,2016-02-09 09:02:27,2014-01-09 02:05:12
516,1,1998-07-05,04,2014-02-24 13:39:10,2014-01-19 02:07:19
517,1,1997-08-18,05,2014-06-28 02:21:21,2014-01-19 20:09:21
518,1,1988-03-21,31,2015-08-23 11:32:21,2014-01-21 07:31:40
519,2,1974-05-31,27,2015-09-25 22:29:50,2014-01-22 10:13:29
520,2,1979-05-20,19,2016-09-11 12:03:53,2014-01-25 15:47:52
521,1,1975-11-16,10,2015-04-26 15:33:06,2014-01-26 21:22:06
522,2,1979-02-06,12,2017-05-07 13:32:16,2014-01-30 21:11:26
523,2,1994-02-01,17,2015-10-22 14:39:00,2014-02-03 10:37:08
524,2,1990-03-06,04,2016-12-19 00:19:09,2014-02-03 14:05:50
525,2,1983-08-15,15,2014-07-04 09:09:40,2014-02-04 04:40:56
526,2,1981-05-19,07,2014-05-03 21:27:24,2014-02-06 02:31:32
527,1,1980-03-30,26,2016-06-07 09:32:23,2014-02-08 11:23:30
528,1,1970-09-27,02,2016-05-20 03:57:39,2014-02-09 10:46:20
529,1,1982-09-10,42,2016-03-24 18:38:15,2014-02-11 09:32:13
530,2,1989-12-28,22,2017-04-25 11:23:19,2014-02-11 19:24:37
531,2,1982-05-13,40,2017-11-08 21:54:11,2014-02-13 07:39:10
532,1,2001-10-07,17,2016-10-27 01:26:03,2014-02-14 15:47:20
533,2,1999-08-24,02,2017-05-06 04:33:41,2014-02-15 21:54:26
534,2,1999-07-14,28,2015-02-04 19:36:48,2014-02-23 05:26:45
535,2,1991-06-07,14,2014-08-27 13:58:25,2014-02-27 18:12:50
536,2,1986-12-01,01,2017-11-27 16:40:23,2014-03-01 01:59:38
537,2,1990-05-05,18,2017-06-18 18:03:50,2014-03-02 01:32:24
538,1,1988-06-05,46,2014-08-07 03:53:31,2014-03-02 11:51:08
539,2,1972-07-25,37,2016-06-02 06:23:30,2014-03-04 17:16:36
540,2,1989-10-06,40,2014-11-02 00:56:11,2014-03-06 08:55:31
541,1,1980-12-20,29,2017-01-27 12:49:51,2014-03-06 19:05:06
542,1,1993-04-06,05,2017-10-28 08:12:03,2014-03-08 04:22:03
543,2,1993-06-03,37,2016-03-13 00:29:41,2014-03-09 01:34:57
544,1,1986-02-01,36,2017-03-01 01:31:22,2014-03-09 03:52:45
545,1,1979-05-21,37,2015-08-06 01:12:44,2014-03-17 10:12:17
546,1,1979-09-18,44,2017-07-07 21:28:56,2014-03-25 21:55:00
547,2,1976-03-16,11,2016-02-01 07:49:31,2014-03-26 18:49:38
548,2,1982-01-04,13,2016-11-01 03:21:37,2014-03-29 15:37:50
549,2,1980-10-19,32,2016-12-23 04:06:04,2014-03-29 21:30:16
550,2,1976-12-09,06,2014-06-26 07:08:27,2014-04-06 07:16:47
551,1,1969-02-16,38,2015-01-16 06:55:03,2014-04-13 00:06:51
552,1,1978-06-26,42,2014-05-26 19:30:33,2014-04-15 07:14:20
553,2,1964-09-30,43,2017-05-02 14:32:29,2014-04-15 15:52:36
554,1,1990-06-04,39,2016-08-25 16:26:44,2014-04-17 17:05:53
555,2,1982-11-26,04,2017-04-01 19:43:31,2014-04-21 07:32:07
556,1,1997-08-20,28,2015-02-18 19:34:09,2014-04-24 06:37:00
557,2,1996-01-10,34,2015-05-08 04:35:53,2014-04-25 21:00:12
558,2,1983-12-31,30,2016-06-07 03:30:05,2014-04-26 02:39:05
559,2,1989-08-21,30,2017-03-16 10:59:38,2014-04-29 07:54:39
560,2,1989-03-04,36,2015-08-18 10:20:32,2014-05-01 22:40:59
561,1,2005-11-23,36,2016-01-16 13:16:48,2014-05-09 08:27:03
562,2,1974-07-01,07,2015-12-24 00:11:47,2014-05-10 00:51:52
563,1,1972-11-27,05,2014-11-21 19:38:46,2014-05-17 20:46:19
564,2,1987-03-01,13,2015-01-13 21:07:04,2014-05-26 20:50:02
565,2,1979-05-11,01,2014-08-30 02:30:50,2014-05-30 17:03:29
566,2,1974-09-15,22,2017-07-11 08:11:33,2014-06-09 13:21:29
567,1,1985-06-25,03,2016-05-05 17:05:37,2014-06-10 14:42:18
568,2,1984-05-17,15,2016-07-10 20:03:14,2014-06-16 09:39:15
569,2,1979-09-05,18,2017-07-23 10:06:07,2014-06-16 19:30:33
570,1,1998-07-29,44,2016-03-17 12:50:37,2014-07-07 10:51:29
571,1,1980-01-15,37,2016-01-22 16:37:44,2014-07-10 13:07:05
572,2,1985-03-02,38,2017-10-23 21:17:48,2014-07-15 00:35:33
573,1,1994-03-12,16,2016-07-24 07:28:24,2014-07-17 01:19:01
574,2,1972-02-27,04,2016-10-25 04:04:03,2014-07-25 12:53:14
575,1,1987-01-10,34,2016-06-30 10:32:20,2014-07-29 19:14:09
576,2,1973-04-12,12,2015-08-19 00:55:50,2014-08-02 16:29:26
577,2,2004-08-01,18,2017-11-03 15:16:37,2014-08-04 02:56:53
578,2,1963-03-29,34,2015-05-21 01:09:20,2014-08-07 13:36:41
579,2,1983-07-13,41,2017-01-01 10:09:16,2014-08-09 17:58:51
580,1,1991-12-10,31,2016-09-13 12:18:25,2014-08-09 18:30:38
581,2,1978-05-31,09,2015-11-05 16:53:04,2014-08-10 04:04:29
582,1,1970-09-15,34,2015-05-21 04:56:26,2014-08-10 23:47:43
583,1,1971-04-09,27,2017-03-05 05:08:26,2014-08-11 01:07:21
584,2,1973-05-04,40,2014-11-06 21:05:43,2014-08-13 20:49:23
585,1,1983-06-26,11,2016-10-27 19:19:48,2014-08-15 13:14:04
586,2,1993-06-03,26,2015-03-12 01:44:42,2014-08-22 17:48:56
587,2,1978-03-20,27,2014-11-29 05:19:26,2014-08-25 23:33:53
588,1,1973-08-01,41,2017-06-22 00:35:23,2014-08-26 04:34:33
589,2,1969-04-20,25,2016-01-23 17:45:51,2014-08-31 01:02:54
590,2,1971-02-04,45,2015-04-28 16:27:28,2014-08-31 19:33:24
591,2,1989-09-21,13,2017-02-01 02:58:49,2014-09-06 13:34:18
592,2,1995-01-05,18,2016-07-26 07:02:26,2014-09-08 22:57:10
593,2,1989-09-14,06,2016-02-17 09:05:45,2014-09-21 15:53:12
594,2,1968-12-05,36,2016-07-06 12:49:45,2014-09-23 22:53:17
595,2,1989-08-11,20,2015-05-21 02:41:12,2014-09-27 22:00:04
596,1,1989-09-09,18,2017-03-08 20:04:59,2014-09-28 02:50:03
597,1,1972-10-04,33,2017-10-26 11:11:48,2014-09-30 22:36:05
598,1,1977-09-14,40,2015-04-29 22:17:33,2014-10-03 20:57:05
599,2,1981-01-03,17,2015-05-26 02:15:36,2014-10-04 11:40:39
600,1,1996-09-24,30,2014-10-16 02:04:48,2014-10-06 15:27:42
601,1,1976-08-18,14,2015-05-01 02:59:16,2014-10-07 10:23:53
602,1,2002-10-20,10,2014-11-30 19:44:35,2014-10-09 02:06:31
603,1,1983-10-16,02,2015-12-01 16:11:17,2014-10-12 04:28:47
604,2,1994-06-04,40,2015-02-14 22:24:44,2014-10-12 11:59:40
605,2,1993-08-21,09,2017-03-27 00:01:40,2014-10-13 05:34:36
606,1,1982-01-15,15,2015-06-29 10:21:39,2014-10-15 11:45:01
607,2,1964-11-27,19,2016-12-08 15:55:37,2014-10-17 09:56:07
608,2,1971-07-07,27,2016-01-14 20:36:44,2014-10-18 10:42:28
609,2,1986-10-23,27,2017-05-27 12:45:12,2014-10-21 21:01:42
610,1,1974-05-13,09,2016-08-14 11:36:27,2014-10-23 15:29:38
611,1,1975-04-23,23,2016-09-11 15:17:48,2014-10-25 20:16:10
612,1,1983-02-18,09,2015-05-10 11:03:51,2014-10-26 05:26:00
613,1,1986-10-16,04,2016-06-02 04:36:57,2014-10-26 10:26:47
614,1,1987-05-02,23,2017-09-02 13:44:55,2014-10-29 12:21:29
615,1,1966-10-31,27,2015-04-11 12:30:25,2014-10-29 18:29:43
616,1,1973-12-15,46,2016-07-01 18:24:49,2014-10-30 20:15:57
617,2,2001-03-13,14,2014-11-02 16:49:00,2014-11-02 08:55:20
618,1,2004-08-04,03,2015-04-26 00:48:21,2014-11-05 13:29:58
619,2,1977-11-20,21,2015-06-28 00:04:54,2014-11-15 14:33:18
620,1,1973-07-31,23,2015-05-03 16:22:21,2014-11-15 18:59:25
621,2,1989-12-02,21,2016-08-04 01:11:48,2014-11-17 10:29:58
622,2,1982-06-05,12,2015-12-13 07:56:34,2014-11-18 14:01:32
623,2,1980-09-21,26,2017-08-20 21:49:35,2014-11-22 03:48:48
624,1,1966-03-09,36,2016-07-31 07:43:07,2014-11-27 13:50:33
625,1,1971-11-14,36,2017-08-09 07:55:38,2014-11-30 15:56:49
626,2,1981-06-07,41,2016-09-17 13:05:49,2014-12-04 07:42:40
627,1,2003-10-12,28,2017-07-04 02:29:10,2014-12-05 01:16:43
628,1,1983-12-11,33,2016-11-13 01:01:57,2014-12-05 13:29:20
629,2,1982-03-31,24,2016-06-26 16:31:32,2014-12-05 18:17:14
630,1,1997-11-10,09,2015-12-08 12:03:51,2014-12-06 06:00:32
631,1,1982-01-31,06,2015-12-02 13:30:57,2014-12-09 03:47:55
632,2,1982-06-01,05,2015-03-10 04:51:35,2014-12-18 11:08:07
633,2,1984-12-14,05,2015-07-27 21:42:32,2014-12-23 15:02:31
634,2,1992-02-27,37,2015-06-16 10:34:15,2014-12-27 05:38:27
635,1,1984-07-13,25,2015-04-06 22:27:56,2015-01-09 10:38:46
636,1,1974-02-04,04,2015-08-10 16:55:04,2015-01-09 13:45:28
637,1,1986-02-06,17,2017-12-04 14:06:52,2015-01-13 02:23:57
638,2,1978-05-15,40,2016-05-07 14:07:29,2015-01-19 00:54:42
639,2,1976-02-23,42,2017-07-17 19:30:57,2015-01-21 10:27:23
640,2,1986-08-17,04,2016-12-20 08:01:16,2015-01-22 22:57:15
641,1,1989-07-31,13,2016-11-24 00:38:56,2015-01-24 12:50:12
642,1,1990-02-11,13,2015-09-26 17:54:39,2015-01-26 21:12:23
643,1,1987-12-05,38,2016-11-24 20:13:06,2015-01-30 01:28:33
644,1,1991-03-07,21,2017-11-23 07:50:59,2015-02-03 07:47:32
645,2,1988-06-29,24,2015-02-10 19:32:47,2015-02-03 10:25:11
646,1,1987-04-04,35,2017-01-28 12:49:30,2015-02-08 18:29:34
647,2,1974-03-14,36,2016-03-12 15:14:22,2015-02-09 15:14:34
648,1,1981-10-09,31,2017-08-05 08:43:05,2015-02-13 06:24:26
649,2,1980-10-25,38,2016-06-05 15:56:04,2015-02-14 05:57:31
650,1,1999-05-05,11,2017-04-15 00:33:37,2015-02-15 14:22:22
651,2,1996-05-08,32,2015-06-24 16:39:47,2015-02-20 07:01:47
652,1,1988-05-24,47,2016-12-03 20:17:48,2015-03-01 12:07:05
653,1,1982-03-27,39,2017-11-02 00:02:13,2015-03-13 12:55:33
654,2,1979-05-10,37,2015-12-08 18:35:32,2015-03-19 06:52:41
655,1,1983-10-08,47,2017-08-16 17:48:12,2015-03-20 01:05:11
656,2,1985-05-26,41,2015-04-10 13:52:25,2015-03-21 04:02:07
657,2,1996-08-10,37,2015-08-25 20:06:00,2015-03-23 08:22:49
658,1,1991-07-05,04,2017-10-13 16:05:51,2015-03-24 18:30:36
659,1,1987-10-29,37,2016-03-21 15:33:40,2015-04-03 06:42:41
660,1,1988-11-30,24,2017-10-20 22:20:45,2015-04-07 22:50:42
661,2,2006-03-24,47,2017-04-24 10:15:02,2015-04-08 05:10:51
662,1,1982-08-04,10,2015-06-17 11:21:59,2015-04-14 19:52:43
663,2,1983-02-21,01,2017-09-27 11:52:04,2015-04-20 09:04:45
664,2,1991-09-28,45,2015-10-14 08:54:34,2015-04-26 13:43:40
665,1,1994-01-05,42,2016-01-17 23:28:43,2015-04-29 17:52:31
666,1,1986-08-28,18,2017-09-17 20:12:27,2015-04-29 23:29:37
667,2,1979-11-27,12,2015-06-16 03:22:25,2015-05-01 23:31:26
668,2,1989-06-25,16,2017-06-12 04:45:13,2015-05-06 12:50:34
669,1,1967-01-05,28,2017-09-22 16:51:32,2015-05-07 09:13:53
670,1,1983-02-08,30,2015-07-09 03:17:26,2015-05-10 12:38:21
671,2,1998-05-03,05,2015-11-16 04:34:40,2015-05-10 17:17:19
672,2,2004-11-03,41,2016-10-24 19:15:28,2015-05-11 02:28:01
673,1,1973-02-02,28,2017-10-22 19:33:32,2015-05-20 06:11:57
674,2,1994-03-12,09,2017-11-28 15:08:09,2015-05-20 13:02:18
675,2,1968-02-27,31,2016-07-30 17:28:39,2015-05-25 00:37:12
676,2,1987-10-02,03,2016-05-11 23:57:55,2015-05-26 01:53:06
677,2,1997-08-04,22,2015-11-03 04:15:19,2015-05-30 04:47:45
678,1,1988-03-17,18,2016-12-27 05:24:36,2015-05-30 22:31:23
679,1,1983-05-01,38,2017-11-19 09:26:42,2015-05-31 09:53:49
680,2,1999-10-25,22,2017-08-14 22:52:07,2015-06-02 02:05:28
681,2,1983-08-06,26,2017-12-18 07:58:10,2015-06-08 07:35:56
682,1,1978-06-15,13,2017-10-05 09:38:19,2015-06-08 21:49:50
683,2,1976-04-22,47,2016-03-09 18:30:11,2015-06-09 05:22:13
684,1,1977-04-10,10,2015-07-31 03:36:13,2015-06-10 03:56:40
685,1,1992-10-28,02,2017-12-25 16:49:12,2015-06-10 11:38:06
686,1,1990-12-02,31,2016-08-07 18:45:11,2015-06-18 22:58:52
687,2,1993-01-23,10,2017-03-23 10:13:09,2015-06-30 15:21:09
688,2,1995-05-07,27,2017-04-26 10:48:45,2015-07-09 05:45:23
689,1,1974-03-01,06,2016-03-21 21:02:34,2015-07-11 09:17:41
690,1,1987-02-15,30,2015-10-12 02:51:58,2015-07-12 07:20:35
691,2,2001-01-08,29,2016-08-18 10:46:36,2015-07-13 03:55:38
692,1,1980-05-22,39,2015-12-07 08:52:28,2015-07-14 04:18:10
693,1,1982-04-05,23,2016-06-27 19:11:35,2015-07-15 01:44:34
694,2,1966-01-31,27,2016-06-23 16:36:53,2015-07-15 17:45:35
695,2,1969-02-28,05,2017-01-06 03:01:01,2015-07-16 07:48:45
696,2,2002-04-06,40,2017-01-20 12:21:07,2015-07-25 15:19:42
697,2,1985-02-18,11,2015-08-03 14:23:17,2015-07-26 20:43:27
698,1,1985-06-03,09,2017-12-13 08:27:31,2015-07-30 01:03:22
699,2,1984-07-21,36,2017-08-10 00:15:39,2015-07-31 05:18:49
700,2,1987-08-12,27,2016-12-06 04:50:09,2015-08-05 20:37:27
701,1,1981-11-03,47,2016-10-25 10:13:07,2015-08-12 18:24:59
702,2,1972-05-13,22,2016-04-06 10:20:48,2015-08-15 22:20:22
703,2,1988-06-11,09,2017-07-23 00:44:52,2015-08-23 06:39:01
704,2,1982-02-14,09,2017-01-13 04:13:36,2015-08-25 22:03:27
705,1,1996-12-13,25,2017-12-19 00:37:38,2015-09-03 21:05:07
706,2,1982-11-04,08,2015-12-08 07:59:05,2015-09-07 03:58:43
707,1,1990-10-08,39,2016-02-16 02:00:27,2015-09-07 23:22:53
708,1,1980-08-12,03,2016-09-13 02:42:05,2015-09-12 02:23:48
709,2,1991-12-01,40,2017-09-28 11:26:00,2015-09-12 23:29:51
710,1,1984-03-28,11,2017-06-15 19:57:18,2015-09-14 20:21:18
711,1,1999-03-18,39,2015-11-16 15:01:31,2015-09-20 19:17:33
712,2,1976-04-17,24,2017-06-28 20:36:14,2015-09-28 06:09:39
713,2,1976-02-28,01,2015-11-24 14:51:32,2015-10-01 01:50:39
714,1,1977-06-23,46,2016-10-31 18:32:07,2015-10-04 02:25:05
715,2,2005-11-20,39,2016-05-13 11:49:59,2015-10-06 16:27:48
716,2,1978-04-05,06,2016-11-01 09:09:19,2015-10-08 14:55:59
717,2,1977-03-06,34,2016-12-01 17:32:25,2015-10-13 20:17:08
718,2,1983-04-24,02,2017-12-08 08:08:15,2015-10-21 12:44:52
719,1,1978-10-14,03,2016-03-15 04:19:47,2015-10-29 13:18:02
720,1,1984-11-11,24,2017-11-29 07:09:46,2015-10-31 13:50:34
721,1,1983-07-03,31,2016-10-01 18:31:23,2015-11-05 15:16:08
722,2,1971-12-24,33,2017-10-19 07:10:17,2015-11-10 01:36:07
723,2,1990-05-27,08,2016-07-09 21:36:52,2015-11-14 01:35:14
724,2,1979-03-15,29,2017-03-15 18:16:28,2015-11-20 05:32:18
725,2,1978-08-11,36,2016-12-02 11:30:52,2015-11-25 19:16:29
726,2,1975-07-29,10,2016-12-11 04:41:49,2015-11-29 16:28:32
727,2,1998-09-24,04,2017-05-21 11:54:48,2015-12-04 19:25:18
728,2,1980-06-07,06,2017-04-12 14:32:43,2015-12-06 02:22:09
729,1,1978-09-28,26,2017-06-23 08:18:39,2015-12-07 05:48:28
730,1,1995-02-02,11,2017-03-11 01:46:28,2015-12-08 00:53:47
731,1,1989-05-29,05,2016-10-16 09:01:17,2015-12-11 18:16:01
732,2,1969-03-02,26,2016-10-28 12:14:59,2015-12-16 11:43:11
733,2,1968-09-01,42,2017-05-04 23:51:20,2015-12-21 23:04:06
734,2,1980-03-25,08,2016-07-10 21:44:11,2015-12-22 19:27:15
735,1,1983-10-06,01,2017-11-20 14:26:53,2015-12-31 05:54:30
736,1,1978-06-16,27,2017-01-16 22:35:25,2016-01-02 09:26:57
737,2,1999-12-12,12,2017-02-12 13:07:18,2016-01-03 22:49:10
738,2,1996-05-08,32,2017-11-04 03:30:53,2016-01-05 12:09:12
739,1,1989-11-24,40,2017-12-14 11:35:48,2016-01-06 00:04:36
740,1,1972-12-26,22,2017-10-05 18:52:05,2016-01-08 01:57:37
741,2,1973-01-16,44,2016-04-23 10:25:50,2016-01-08 19:05:46
742,2,1980-05-28,46,2017-03-04 16:37:15,2016-01-09 14:50:47
743,1,1993-10-20,16,2017-09-05 13:36:56,2016-01-09 15:29:44
744,1,1975-04-21,16,2016-02-05 06:10:30,2016-01-11 23:53:51
745,1,1977-10-26,10,2017-12-26 06:06:57,2016-01-14 01:12:58
746,2,2006-09-16,24,2016-05-15 09:24:03,2016-01-14 19:08:04
747,1,1999-08-17,01,2016-04-09 18:47:09,2016-01-15 00:16:45
748,2,1962-04-10,23,2017-12-17 07:50:11,2016-01-16 03:03:03
749,1,1971-08-25,06,2017-09-15 11:31:28,2016-01-21 17:52:10
750,1,2004-12-09,46,2017-11-11 14:02:58,2016-01-25 11:22:40
751,1,1989-04-28,24,2017-06-19 06:20:51,2016-01-27 05:50:12
752,2,1989-06-12,34,2017-07-14 04:46:46,2016-01-27 07:11:46
753,1,1993-07-16,37,2016-06-30 21:17:02,2016-01-31 23:16:14
754,1,1982-09-16,21,2017-04-09 21:40:52,2016-02-05 05:56:08
755,1,2008-11-14,25,2016-10-16 05:14:28,2016-02-08 23:46:28
756,2,1977-02-17,28,2017-11-27 23:59:25,2016-02-10 20:06:34
757,2,1990-09-06,32,2016-05-08 07:08:54,2016-02-10 22:36:40
758,2,1979-02-09,12,2017-12-01 19:09:03,2016-02-15 17:35:47
759,1,1978-03-19,44,2017-11-10 10:20:17,2016-02-16 00:44:02
760,2,1975-12-03,07,2017-04-20 05:00:53,2016-02-20 14:55:07
761,1,1971-07-12,44,2017-08-03 11:13:38,2016-02-22 03:11:17
762,1,2000-11-11,16,2016-05-23 18:26:52,2016-02-26 22:42:17
763,1,1978-06-18,09,2016-04-22 21:32:28,2016-03-02 11:21:59
764,2,1973-05-21,30,2017-12-26 02:09:34,2016-03-04 18:12:52
765,1,1983-01-06,42,2017-08-14 21:11:12,2016-03-10 01:58:49
766,2,1991-02-26,17,2016-04-29 08:14:57,2016-03-11 13:01:11
767,2,1988-06-20,22,2016-12-23 13:27:35,2016-03-12 05:55:04
768,2,1998-01-05,17,2016-07-11 00:05:49,2016-03-14 02:08:01
769,2,1986-10-21,29,2017-12-09 02:39:25,2016-03-16 21:01:31
770,1,1992-04-09,28,2017-05-11 15:53:14,2016-03-17 19:23:02
771,2,1986-06-24,36,2017-04-15 09:31:17,2016-03-18 20:53:02
772,2,1991-08-13,43,2016-12-04 19:37:18,2016-03-19 18:49:19
773,2,1973-06-23,01,2016-04-21 11:47:03,2016-03-21 13:33:10
774,1,1970-11-30,14,2017-01-18 05:10:54,2016-03-28 20:52:40
775,2,2002-09-30,42,2017-05-01 04:33:29,2016-04-01 17:24:39
776,1,1982-09-07,44,2016-05-06 21:57:52,2016-04-06 18:22:17
777,1,1983-04-08,19,2017-01-29 11:12:54,2016-04-08 23:24:42
778,2,2007-10-05,04,2017-03-29 10:58:40,2016-04-09 00:29:53
779,2,1990-07-21,29,2017-04-29 16:12:06,2016-04-09 09:26:10
780,1,1977-11-02,23,2016-05-13 20:31:24,2016-04-14 17:13:49
781,2,1994-02-17,08,2016-11-26 17:46:40,2016-04-17 10:37:56
782,2,1981-12-30,29,2016-06-17 01:24:51,2016-04-20 00:28:25
783,1,1971-11-15,08,2017-09-28 07:26:07,2016-04-25 04:04:03
784,2,1978-06-07,07,2017-09-04 22:10:27,2016-04-25 12:56:15
785,2,1981-09-04,35,2016-06-17 19:48:28,2016-05-06 08:34:32
786,2,1987-08-01,16,2017-07-21 03:15:33,2016-05-07 13:35:57
787,2,1966-01-21,38,2016-06-10 13:18:13,2016-05-08 13:25:12
788,1,1995-11-05,24,2016-09-22 15:02:53,2016-05-11 15:41:10
789,1,1991-09-30,45,2017-12-26 07:38:56,2016-05-14 23:39:51
790,2,1972-05-09,20,2017-12-22 10:28:14,2016-05-15 18:41:50
791,1,1988-05-26,38,2017-07-08 15:53:12,2016-05-20 19:11:54
792,1,1991-10-28,24,2017-05-11 09:29:36,2016-05-31 11:45:30
793,1,1987-01-16,33,2017-05-07 15:22:28,2016-05-31 15:29:26
794,2,1976-05-15,16,2017-04-23 07:10:44,2016-06-03 16:38:11
795,2,1980-06-16,10,2016-12-31 23:47:00,2016-06-20 22:37:46
796,1,2000-04-16,28,2017-02-06 00:44:09,2016-06-23 23:15:28
797,1,1990-01-30,35,2017-02-14 16:53:37,2016-06-28 06:13:42
798,2,2002-04-26,47,2017-06-18 17:19:10,2016-07-06 10:04:30
799,1,1978-01-01,08,2017-09-04 21:11:05,2016-07-06 18:57:58
800,1,1980-04-01,21,2017-06-16 11:36:07,2016-07-10 10:01:02
801,2,1979-12-19,43,2017-11-08 02:24:00,2016-07-10 17:12:19
802,1,1985-09-10,44,2017-10-13 22:28:28,2016-07-11 00:46:19
803,2,1997-04-15,25,2016-08-06 04:09:55,2016-07-18 14:38:01
804,1,1990-04-08,46,2017-11-26 20:55:50,2016-07-20 13:12:04
805,1,1988-02-14,16,2017-12-01 01:58:18,2016-08-01 20:35:59
806,2,1988-09-03,42,2017-06-27 02:15:33,2016-08-02 21:51:33
807,1,1981-01-30,07,2017-07-22 12:30:47,2016-08-03 14:37:38
808,2,1986-03-26,16,2017-06-09 18:25:43,2016-08-06 09:17:59
809,2,1996-01-31,22,2017-03-21 23:58:08,2016-08-07 10:27:20
810,1,1984-02-11,33,2016-10-27 19:15:25,2016-08-09 16:21:53
811,2,1987-04-27,47,2016-10-01 08:30:48,2016-08-14 01:24:20
812,2,1986-03-12,37,2017-10-24 00:20:23,2016-08-14 09:50:07
813,1,2006-03-31,46,2017-02-10 09:47:39,2016-08-21 08:37:26
814,1,1982-06-18,14,2017-07-22 11:22:04,2016-08-25 08:06:07
815,2,1979-09-19,07,2017-09-12 04:52:16,2016-08-29 06:41:16
816,2,1983-07-13,09,2017-03-02 12:42:09,2016-09-05 06:15:14
817,2,1986-05-15,12,2017-01-13 13:17:28,2016-09-12 20:00:28
818,1,2009-07-25,20,2017-05-28 06:17:19,2016-09-13 11:14:03
819,2,1972-06-06,44,2017-07-08 09:22:29,2016-09-17 04:27:14
820,1,1968-02-01,41,2017-07-28 00:35:19,2016-09-19 06:47:20
821,1,1990-03-22,18,2017-10-26 04:15:52,2016-09-19 17:14:34
822,2,1988-01-13,37,2017-05-06 13:48:57,2016-09-24 03:49:59
823,2,1983-02-12,35,2017-10-07 11:55:28,2016-09-27 07:01:16
824,1,1970-09-27,03,2017-02-27 04:36:25,2016-09-28 04:09:41
825,1,1972-02-23,04,2017-09-18 14:50:36,2016-10-01 14:14:20
826,2,1959-10-26,21,2017-07-26 18:39:12,2016-10-05 11:00:27
827,1,1990-01-12,47,2017-09-16 02:33:37,2016-10-09 02:33:56
828,1,1976-01-06,08,2016-12-14 17:08:23,2016-10-09 16:46:07
829,1,1979-12-07,35,2017-02-20 05:04:34,2016-10-19 09:27:13
830,2,1965-10-04,20,2017-03-13 12:19:58,2016-10-20 15:07:05
831,1,1983-05-16,18,2017-12-08 13:25:15,2016-10-21 04:01:13
832,1,1995-01-25,47,2016-12-22 13:24:17,2016-10-21 07:35:14
833,2,1986-03-06,32,2017-12-30 03:41:09,2016-10-25 05:53:37
834,1,1971-09-22,43,2017-01-16 06:04:08,2016-10-26 16:16:17
835,1,1969-09-26,15,2017-05-09 10:02:23,2016-11-10 09:03:35
836,2,1987-10-02,30,2017-10-25 15:07:30,2016-11-15 00:31:19
837,1,1977-04-10,29,2017-08-18 00:08:12,2016-11-15 22:19:39
838,2,1979-11-04,08,2017-03-10 07:45:39,2016-11-16 17:17:16
839,1,1987-06-16,27,2017-03-09 19:18:14,2016-11-18 22:56:23
840,2,1989-03-09,17,2017-10-13 18:44:09,2016-11-19 19:24:58
841,2,1991-03-23,35,2017-08-28 03:34:07,2016-11-20 01:20:35
842,1,1994-08-17,19,2017-08-08 13:34:53,2016-11-24 00:17:08
843,2,1976-09-06,32,2016-12-25 06:24:18,2016-11-28 21:44:47
844,1,1977-10-11,09,2017-12-20 11:22:36,2016-11-30 09:30:49
845,1,1971-11-18,22,2017-07-08 00:40:15,2016-11-30 20:14:08
846,2,1982-04-26,11,2017-07-30 07:09:59,2016-11-30 20:45:54
847,1,1982-10-21,47,2017-02-19 04:30:42,2016-12-11 10:36:57
848,1,2000-06-04,46,2017-10-30 08:04:34,2016-12-13 23:22:01
849,2,1984-07-03,07,2017-06-22 11:50:35,2016-12-17 20:30:02
850,1,1982-07-26,44,2017-07-22 03:50:22,2016-12-20 15:19:59
851,1,1976-04-10,47,2017-10-14 06:08:39,2016-12-21 08:29:55
852,1,1982-07-06,37,2017-07-07 23:49:46,2016-12-22 17:43:55
853,1,1968-11-09,26,2017-07-02 04:53:38,2016-12-24 03:25:15
854,2,1988-09-30,06,2017-12-13 23:55:07,2017-01-02 01:57:44
855,1,1980-08-01,39,2017-09-23 00:38:46,2017-01-08 12:26:33
856,1,1984-09-26,23,2017-05-27 20:09:42,2017-01-09 21:55:28
857,2,1990-08-20,29,2017-09-02 22:32:03,2017-01-13 16:47:37
858,2,1996-05-11,05,2017-10-09 04:15:36,2017-01-15 04:58:44
859,2,1991-04-25,17,2017-01-20 18:56:09,2017-01-15 06:26:12
860,1,1988-04-08,11,2017-09-08 14:21:44,2017-01-15 14:40:55
861,1,1992-05-24,11,2017-10-17 10:03:10,2017-01-24 19:30:28
862,2,1976-08-16,30,2017-11-18 17:12:10,2017-01-25 19:20:05
863,2,1995-04-07,19,2017-03-15 20:26:26,2017-01-30 16:49:20
864,2,1981-07-07,23,2017-10-11 21:04:06,2017-02-02 07:47:21
865,2,1984-05-30,35,2017-08-16 08:35:34,2017-02-02 07:55:37
866,1,1977-07-22,25,2017-12-28 22:07:32,2017-02-02 22:52:05
867,1,1972-06-21,42,2017-07-24 05:01:53,2017-02-03 03:54:01
868,1,1996-03-01,29,2017-02-16 15:29:57,2017-02-03 07:57:21
869,1,1985-11-16,45,2017-12-28 11:46:47,2017-02-06 16:11:59
870,2,1981-11-13,14,2017-11-26 08:35:48,2017-02-07 17:24:49
871,2,1986-07-04,26,2017-12-10 06:57:03,2017-02-08 09:20:01
872,2,1979-01-28,18,2017-08-07 11:52:18,2017-02-08 15:47:11
873,1,1997-10-01,46,2017-12-16 04:57:34,2017-02-09 13:10:57
874,1,1979-07-20,02,2017-08-09 21:20:32,2017-02-19 03:14:38
875,1,1994-10-08,10,2017-05-29 18:13:54,2017-02-19 07:48:00
876,2,1986-12-10,31,2017-09-11 03:45:12,2017-02-19 14:24:09
877,1,1984-01-28,41,2017-07-04 18:56:48,2017-02-21 00:35:56
878,2,2010-05-31,28,2017-06-11 19:59:19,2017-02-22 16:56:28
879,2,1968-09-02,29,2017-07-26 16:24:32,2017-03-06 01:09:05
880,2,1989-01-01,37,2017-03-12 22:10:28,2017-03-07 00:48:05
881,1,1973-08-07,09,2017-04-01 23:08:23,2017-03-09 05:38:40
882,2,1994-04-13,24,2017-05-12 07:04:07,2017-03-10 20:02:22
883,2,1984-04-27,47,2017-03-30 20:14:02,2017-03-11 19:44:17
884,1,1988-07-20,44,2017-06-15 12:58:29,2017-03-14 04:48:41
885,1,1982-03-29,23,2017-08-05 02:41:08,2017-03-15 03:40:22
886,1,1985-01-23,24,2017-12-16 21:50:57,2017-03-17 02:38:39
887,2,1982-06-03,36,2017-09-23 06:48:50,2017-03-22 15:07:24
888,1,1983-01-10,23,2017-09-09 06:20:18,2017-03-24 05:37:59
889,2,1990-12-19,18,2017-09-11 18:45:47,2017-03-26 06:43:04
890,2,1988-05-30,38,2017-08-19 04:20:57,2017-03-28 00:04:14
891,2,1986-08-29,12,2017-12-20 06:36:14,2017-03-29 19:55:17
892,1,1983-04-05,37,2017-06-10 01:17:24,2017-04-02 10:19:33
893,1,1973-12-19,14,2017-04-10 09:36:37,2017-04-03 18:16:01
894,2,1985-10-22,17,2017-11-02 19:55:51,2017-04-04 08:37:31
895,2,1968-03-17,27,2017-06-20 10:54:14,2017-04-09 00:58:30
896,1,1971-11-08,39,2017-12-28 09:27:02,2017-04-10 21:22:52
897,2,1993-10-26,47,2017-11-05 04:22:02,2017-04-16 16:20:28
898,1,1973-07-19,44,2017-11-08 17:02:34,2017-04-16 22:02:47
899,1,1984-05-12,29,2017-10-07 10:04:40,2017-04-17 20:54:08
900,1,1970-08-11,28,2017-05-24 12:11:09,2017-04-18 00:23:50
901,1,1990-04-28,42,2017-12-07 17:24:23,2017-04-21 18:58:30
902,1,1980-07-14,43,2017-05-03 02:12:01,2017-04-22 19:00:24
903,1,1995-04-22,27,2017-08-20 15:44:21,2017-04-24 08:29:24
904,2,1988-01-27,24,2017-06-07 12:50:26,2017-04-25 04:14:23
905,1,1978-06-02,13,2017-06-07 13:51:36,2017-04-28 08:00:55
906,1,1979-02-24,07,2017-10-11 06:41:40,2017-05-02 21:34:31
907,2,1979-10-04,42,2017-07-17 01:14:58,2017-05-03 22:33:52
908,1,2008-04-26,02,2017-10-23 00:08:38,2017-05-07 09:47:07
909,1,1992-04-04,24,2017-07-24 23:54:51,2017-05-07 21:59:53
910,2,1993-06-25,46,2017-09-24 01:50:18,2017-05-09 08:23:31
911,1,1964-09-24,22,2017-09-21 09:54:49,2017-05-10 00:48:46
912,1,1977-05-11,17,2017-10-14 22:54:40,2017-05-11 00:38:14
913,1,1976-07-31,44,2017-12-30 12:22:37,2017-05-11 02:36:19
914,1,1975-08-29,06,2017-10-02 12:01:11,2017-05-13 09:59:49
915,1,1992-02-21,40,2017-11-17 03:53:55,2017-05-15 09:51:01
916,2,1985-12-08,21,2017-11-23 16:12:56,2017-05-25 08:56:43
917,1,1992-10-09,33,2017-08-03 17:56:21,2017-05-29 14:18:50
918,1,1982-03-22,38,2017-08-06 04:05:26,2017-05-30 08:07:29
919,1,1976-07-24,45,2017-07-06 18:21:07,2017-06-04 10:16:04
920,2,1969-06-23,14,2017-08-12 00:53:56,2017-06-07 21:47:32
921,2,1988-06-18,26,2017-09-05 04:33:18,2017-06-10 00:14:23
922,1,1981-02-10,04,2017-08-21 17:39:55,2017-06-20 10:35:00
923,1,1982-09-11,09,2017-09-17 14:19:55,2017-06-22 02:09:31
924,2,1978-09-28,34,2017-07-21 23:29:27,2017-06-24 00:38:55
925,1,1984-02-12,13,2017-07-23 15:03:11,2017-06-27 04:15:10
926,1,1968-06-18,19,2017-09-05 11:43:49,2017-06-30 04:04:53
927,2,2010-05-07,38,2017-07-19 07:59:37,2017-07-06 14:34:48
928,2,1997-06-03,18,2017-11-24 09:26:32,2017-07-07 20:03:39
929,2,1969-09-30,40,2017-10-13 09:49:05,2017-07-07 23:49:17
930,1,1977-01-09,31,2017-11-27 07:25:07,2017-07-09 16:36:31
931,1,2000-04-04,47,2017-11-28 13:42:12,2017-07-11 13:42:34
932,2,1984-07-04,01,2017-12-14 21:03:08,2017-07-11 15:26:41
933,2,1975-08-08,16,2017-10-05 17:20:03,2017-07-15 07:50:56
934,2,1985-08-27,43,2017-09-25 20:07:57,2017-07-17 11:18:01
935,2,1994-01-01,04,2017-11-27 01:43:16,2017-07-18 02:37:00
936,1,1979-01-01,46,2017-11-06 07:34:21,2017-07-19 08:09:16
937,2,1983-07-28,35,2017-11-17 17:34:42,2017-07-19 22:49:10
938,1,2010-06-30,30,2017-10-04 15:56:44,2017-07-20 03:00:08
939,1,1973-12-25,46,2017-11-20 09:44:46,2017-07-20 14:04:07
940,1,1980-09-02,06,2017-12-09 06:36:34,2017-07-21 16:26:29
941,1,1980-04-09,46,2017-10-18 09:54:38,2017-07-22 18:09:59
942,1,1980-01-01,10,2017-08-04 04:56:28,2017-07-29 22:14:20
943,1,1988-10-27,16,2017-08-29 04:01:04,2017-07-31 20:32:27
944,2,1977-11-07,40,2017-12-07 17:31:51,2017-08-02 23:23:57
945,2,1986-01-23,16,2017-12-17 05:34:50,2017-08-03 12:07:34
946,1,1993-12-06,24,2017-12-04 12:48:13,2017-08-03 21:31:59
947,1,1974-04-11,11,2017-10-12 20:58:13,2017-08-04 22:14:00
948,1,1998-03-29,31,2017-10-02 01:48:56,2017-08-13 00:18:39
949,1,1980-12-02,14,2017-12-20 20:02:53,2017-08-14 02:55:47
950,1,1973-04-18,17,2017-10-03 11:21:50,2017-08-14 03:04:42
951,1,1977-02-04,33,2017-09-19 06:02:19,2017-08-14 05:22:21
952,1,1978-05-16,23,2017-12-21 03:57:51,2017-08-14 09:40:51
953,2,1992-12-29,44,2017-12-11 15:54:09,2017-08-14 17:14:10
954,1,1990-05-14,01,2017-12-03 15:55:46,2017-08-16 21:19:26
955,2,1976-09-28,37,2017-12-05 00:54:31,2017-08-19 08:26:03
956,1,1998-02-01,34,2017-10-14 15:02:55,2017-08-26 06:39:39
957,2,1973-05-20,28,2017-10-27 20:31:11,2017-08-29 08:18:24
958,1,1995-03-29,04,2017-09-23 10:13:52,2017-08-30 13:16:51
959,2,1981-06-22,30,2017-09-16 06:22:44,2017-08-30 21:09:03
960,2,1986-10-08,46,2017-12-30 01:48:34,2017-09-01 01:55:42
961,2,2008-07-04,12,2017-09-22 07:31:36,2017-09-01 15:18:20
962,1,1991-11-14,44,2017-09-18 06:57:22,2017-09-05 20:06:55
963,2,1982-05-30,27,2017-09-16 16:14:10,2017-09-11 14:38:54
964,2,1996-11-11,03,2017-11-17 20:00:59,2017-09-13 11:35:10
965,1,1984-06-11,07,2017-12-23 23:13:31,2017-09-17 06:08:11
966,1,1973-05-24,18,2017-10-21 18:43:01,2017-09-20 19:16:40
967,2,1982-09-05,18,2017-12-22 15:13:18,2017-09-23 05:13:57
968,2,1980-03-25,38,2017-10-14 00:06:40,2017-09-24 00:04:54
969,1,1988-11-08,08,2017-11-25 08:47:52,2017-09-26 22:52:39
970,1,1971-06-17,38,2017-12-27 17:06:05,2017-10-05 20:24:37
971,2,1981-02-16,08,2017-11-08 11:44:50,2017-10-06 05:52:07
972,1,1981-10-28,39,2017-11-30 06:37:38,2017-10-06 07:48:56
973,1,1986-01-25,17,2017-11-22 04:03:44,2017-10-06 13:16:09
974,2,1969-10-30,43,2017-12-17 17:42:59,2017-10-06 21:48:09
975,2,1980-02-11,01,2017-12-26 16:32:36,2017-10-09 07:59:48
976,2,1978-11-06,06,2017-10-20 16:56:48,2017-10-13 02:56:47
977,2,1977-02-28,08,2017-10-23 02:51:01,2017-10-13 03:39:01
978,1,1973-11-09,29,2017-10-18 15:57:44,2017-10-17 09:32:15
979,2,1990-02-25,27,2017-11-08 22:51:30,2017-10-20 00:26:54
980,2,1975-07-20,11,2017-10-21 08:11:04,2017-10-20 16:25:29
981,1,1989-05-11,32,2017-11-16 08:21:44,2017-10-25 16:16:28
982,1,1980-02-23,22,2017-11-03 05:59:49,2017-10-28 18:20:00
983,1,1986-01-28,08,2017-12-20 05:50:31,2017-10-29 15:58:02
984,2,1983-05-02,36,2017-12-07 14:08:12,2017-11-01 10:43:09
985,1,1981-03-02,03,2017-12-01 15:54:49,2017-11-12 21:35:58
986,2,2009-07-28,04,2017-12-27 05:49:41,2017-11-13 19:41:53
987,1,1988-06-14,22,2017-12-18 04:06:49,2017-11-14 17:36:55
988,2,1984-11-28,47,2017-12-23 02:36:41,2017-11-15 23:16:13
989,2,1996-12-20,11,2017-12-17 07:22:21,2017-11-20 00:46:37
990,1,1989-11-20,19,2017-12-28 04:08:38,2017-11-20 23:19:20
991,1,1974-12-14,42,2017-12-11 20:53:56,2017-11-26 09:14:36
992,2,1979-09-28,11,2017-12-01 07:30:28,2017-11-26 11:48:22
993,2,2004-05-14,23,2017-12-14 15:11:56,2017-12-06 22:21:31
994,1,1985-06-14,14,2017-12-22 11:35:01,2017-12-06 22:38:10
995,2,1980-01-05,32,2017-12-16 16:28:39,2017-12-07 14:34:43
996,2,1977-07-06,36,2017-12-14 01:15:19,2017-12-08 02:20:00
997,1,1984-07-03,44,2017-12-13 11:28:50,2017-12-10 05:19:00
998,2,1980-08-27,37,2017-12-29 17:16:22,2017-12-27 01:10:18
999,1,1981-03-18,15,2017-12-30 03:43:49,2017-12-28 07:21:39
1000,2,1971-02-15,44,2017-12-30 10:30:30,2017-12-29 10:33:24
